,products,company,price,weight,star_rating,total_comments,flavours,price_per_100g,per_kg_sell,adult,chicken,wet,from_oceon,fish,tuna,salmon,mackerel,shrimps,milk,can,gravy,pouch,liver,grilled,turkey,ham,vegan
0,"Purepet Mackerel Adult Dry Cat Food, 1.2 kg",purepet,189.0,1.2,4.2,8285.0,"['Dry', 'Adult', 'Mackerel']",15.75,1304887.5,1.0,0.0,1.0,1.0,0.0,0.0,0.0,1.0,0.0,0.0,0.0,0.0,0.0,0.0,0.0,0.0,0.0,0.0
1,"Purepet Adult(+1 Year) Dry Cat Food, Ocean Fish - 7kg",purepet,879.0,7.0,4.3,11737.0,"['Dry', 'Adult', 'Fish', 'Ocean']",12.557142857142857,1473831.86,1.0,0.0,1.0,1.0,1.0,0.0,0.0,0.0,0.0,0.0,0.0,0.0,0.0,0.0,0.0,0.0,0.0,0.0
2,"Whiskas Dry Food for Adult Cats (+1 Years), Ocean Fish Flavour, 7kg Pack",whiskas,1900.0,7.0,4.5,8056.0,"['Dry', 'Adult', 'Fish', 'Ocean']",27.142857142857142,2186628.57,1.0,0.0,1.0,1.0,1.0,0.0,0.0,0.0,0.0,0.0,0.0,0.0,0.0,0.0,0.0,0.0,0.0,0.0
3,"Purepet Mackerel Adult Dry Cat Food, 1.2 kg",purepet,189.0,1.2,4.2,8285.0,"['Dry', 'Adult', 'Mackerel']",15.75,1304887.5,1.0,0.0,1.0,1.0,0.0,0.0,0.0,1.0,0.0,0.0,0.0,0.0,0.0,0.0,0.0,0.0,0.0,0.0
4,"Drools Adult(+1 year) Dry Cat Food, Ocean Fish, 3 kg + 1.2 kg Free",drools,719.0,4.2,4.1,4557.0,"['Dry', 'Adult', 'Fish', 'Ocean']",17.11904761904762,780115.0,1.0,0.0,1.0,1.0,1.0,0.0,0.0,0.0,0.0,0.0,0.0,0.0,0.0,0.0,0.0,0.0,0.0,0.0
5,"Meat Up Adult Dry Cat Food, Ocean Fish - 1.2kg (Buy 1 Get 1 Free)",meat,429.0,2.4,4.0,4522.0,"['Dry', 'Adult', 'Fish', 'Ocean', 'Meat']",17.875,808307.5,1.0,0.0,1.0,1.0,1.0,0.0,0.0,0.0,0.0,0.0,0.0,0.0,0.0,0.0,0.0,0.0,0.0,0.0
6,"Let's Bite Active Persian Adult Dry Cat Food, 500g (Buy 1 Get 1 Free)",let's,121.0,1.0,4.1,3166.0,"['Dry', 'Adult', 'Persian']",12.1,383086.0,1.0,0.0,1.0,0.0,0.0,0.0,0.0,0.0,0.0,0.0,0.0,0.0,0.0,0.0,0.0,0.0,0.0,0.0
7,"Whiskas Dry Food for Kittens (2-12 Months), Ocean Fish Flavour, 1.1kg Pack",whiskas,369.0,1.1,4.5,12982.0,"['Dry', 'Fish', 'Ocean', 'Kitten']",33.54545454545455,4354870.91,0.5,0.0,1.0,1.0,1.0,0.0,0.0,0.0,0.0,0.0,0.0,0.0,0.0,0.0,0.0,0.0,0.0,0.0
8,"Whiskas Dry Food for Adult Cats (+1 Years), Tuna Flavour, 3kg Pack",whiskas,808.0,3.0,4.5,6133.0,"['Dry', 'Adult', 'Tuna']",26.933333333333334,1651821.33,1.0,0.0,1.0,1.0,0.0,1.0,0.0,0.0,0.0,0.0,0.0,0.0,0.0,0.0,0.0,0.0,0.0,0.0
9,"Whiskas Dry Food for Adult Cats (+1 Years), Ocean Fish Flavour, 1.2kg Pack",whiskas,387.0,1.2,4.5,8056.0,"['Dry', 'Adult', 'Fish', 'Ocean']",32.25,2598060.0,1.0,0.0,1.0,1.0,1.0,0.0,0.0,0.0,0.0,0.0,0.0,0.0,0.0,0.0,0.0,0.0,0.0,0.0
10,"Whiskas Dry Food for Adult Cats (+1 Years), Chicken Flavour, 1.2kg Pack",whiskas,387.0,1.2,4.5,3589.0,"['Dry', 'Adult', 'Chicken']",32.25,1157452.5,1.0,1.0,1.0,0.0,0.0,0.0,0.0,0.0,0.0,0.0,0.0,0.0,0.0,0.0,0.0,0.0,0.0,0.0
11,"Let's Bite Active Kitten Dry Cat Food, Ocean Fish - 400g (Buy 1 Get 1 Free)",let's,199.0,0.8,4.1,3166.0,"['Dry', 'Fish', 'Ocean', 'Kitten']",24.875,787542.5,0.5,0.0,1.0,1.0,1.0,0.0,0.0,0.0,0.0,0.0,0.0,0.0,0.0,0.0,0.0,0.0,0.0,0.0
12,"Whiskas Wet Food for Adult Cats, Chicken in Gravy Flavour, 12 Pouches (12 x 85g)",whiskas,432.0,1.02,4.5,3674.0,"['Adult', 'Chicken', 'Wet', 'Gravy']",42.352941176470594,1556047.06,1.0,1.0,0.5,0.0,0.0,0.0,0.0,0.0,0.0,0.0,0.0,1.0,1.0,0.0,0.0,0.0,0.0,0.0
13,"Drools Adult(+1 year) Dry Cat Food, Ocean Fish, 3 kg + 1.2 kg Free",drools,719.0,4.2,4.1,4557.0,"['Dry', 'Adult', 'Fish', 'Ocean']",17.11904761904762,780115.0,1.0,0.0,1.0,1.0,1.0,0.0,0.0,0.0,0.0,0.0,0.0,0.0,0.0,0.0,0.0,0.0,0.0,0.0
14,"Meat Up Kitten(1-12 months) Dry Cat Food, Ocean Fish, 1.2kg (Buy 1 Get 1 Free)",meat,450.0,2.4,4.1,4847.0,"['Dry', 'Fish', 'Ocean', 'Kitten', 'Meat']",18.75,908812.5,0.5,0.0,1.0,1.0,1.0,0.0,0.0,0.0,0.0,0.0,0.0,0.0,0.0,0.0,0.0,0.0,0.0,0.0
15,"Whiskas Dry Food for Adult Cats (1+ Years), for Healthy Skin &amp; Coat, Chicken &amp; Salmon Flavour, 450g",whiskas,198.0,0.45,4.3,42.0,"['Dry', 'Adult', 'Chicken', 'Salmon']",44.0,18480.0,1.0,1.0,1.0,1.0,0.0,0.0,1.0,0.0,0.0,0.0,0.0,0.0,0.0,0.0,0.0,0.0,0.0,0.0
16,"Drools Kitten(1-12 months) Dry Cat Food, Ocean Fish - 4kg (3kg + 1kg Free Food Inside)",drools,680.0,4.0,4.1,2288.0,"['Dry', 'Fish', 'Ocean', 'Kitten']",17.0,388960.0,0.5,0.0,1.0,1.0,1.0,0.0,0.0,0.0,0.0,0.0,0.0,0.0,0.0,0.0,0.0,0.0,0.0,0.0
17,"Meat Up Adult Dry Cat Food, Ocean Fish - 1.2kg (Buy 1 Get 1 Free)",meat,429.0,2.4,4.0,4522.0,"['Dry', 'Adult', 'Fish', 'Ocean', 'Meat']",17.875,808307.5,1.0,0.0,1.0,1.0,1.0,0.0,0.0,0.0,0.0,0.0,0.0,0.0,0.0,0.0,0.0,0.0,0.0,0.0
18,"Whiskas Wet Food for Kittens (2-12 Months), Chicken in Gravy Flavour, 12 pouches (12 x 85g)",whiskas,420.0,1.02,4.2,358.0,"['Chicken', 'Kitten', 'Wet', 'Gravy']",41.1764705882353,147411.76,0.5,1.0,0.5,0.0,0.0,0.0,0.0,0.0,0.0,0.0,0.0,1.0,1.0,0.0,0.0,0.0,0.0,0.0
19,"Meat Up Adult (+1 Year) Dry Cat Food, Ocean Fish, 1.5 kg (Buy 1 Get 1 Free)",meat,499.0,3.0,4.1,1513.0,"['Dry', 'Adult', 'Fish', 'Ocean', 'Meat']",16.633333333333333,251662.33,1.0,0.0,1.0,1.0,1.0,0.0,0.0,0.0,0.0,0.0,0.0,0.0,0.0,0.0,0.0,0.0,0.0,0.0
20,"Whiskas Dry Food for Adult Cats (+1 Years), Mackerel Flavour, 3kg Pack",whiskas,843.0,3.0,4.5,4200.0,"['Dry', 'Adult', 'Mackerel']",28.1,1180200.0,1.0,0.0,1.0,1.0,0.0,0.0,0.0,1.0,0.0,0.0,0.0,0.0,0.0,0.0,0.0,0.0,0.0,0.0
21,"Whiskas Tasty Mix Wet Food for Adult Cats (1+ year), Made With Real Fish, Chicken With Salmon Wakame Seaweed in Gravy, 24 Pouches (24 x 70g)",whiskas,918.0,1.68,4.4,778.0,"['Adult', 'Fish', 'Chicken', 'Wet', 'Gravy', 'Salmon', 'Sea']",54.64285714285714,425121.43,1.0,1.0,0.5,1.0,1.0,0.0,1.0,0.0,0.0,0.0,0.0,1.0,1.0,0.0,0.0,0.0,0.0,0.0
22,"Meat Up Kitten (1-12 Months) Dry Cat Food, Ocean Fish, 600g (Buy 1 Get 1 Free)",meat,249.0,1.2,4.2,1425.0,"['Dry', 'Fish', 'Ocean', 'Kitten', 'Meat']",20.75,295687.5,0.5,0.0,1.0,1.0,1.0,0.0,0.0,0.0,0.0,0.0,0.0,0.0,0.0,0.0,0.0,0.0,0.0,0.0
23,"Let's Bite Active Adult Dry Cat Food, 500g (Buy 1 Get 1 Free)",let's,199.0,1.0,4.1,1384.0,"['Dry', 'Adult']",19.9,275416.0,1.0,0.0,1.0,0.0,0.0,0.0,0.0,0.0,0.0,0.0,0.0,0.0,0.0,0.0,0.0,0.0,0.0,0.0
24,"Whiskas Wet Food for Adult Cats (1+Years), Tuna in Jelly Flavour, 12 Pouches (12 x 85g)",whiskas,480.0,1.02,4.4,941.0,"['Adult', 'Tuna', 'Wet', 'Jelly']",47.05882352941177,442823.53,1.0,0.0,0.5,1.0,0.0,1.0,0.0,0.0,0.0,0.0,0.0,0.0,1.0,0.0,0.0,0.0,0.0,0.0
25,"Sheba Fine Food for Adults Cats (+1 Years), Chicken with Tuna in Gravy Flavour, Pack of 24 (24x 70g)",sheba,1176.0,1.68,4.5,316.0,"['Adult', 'Tuna', 'Chicken', 'Gravy']",70.0,221200.0,1.0,1.0,0.0,1.0,0.0,1.0,0.0,0.0,0.0,0.0,0.0,1.0,0.0,0.0,0.0,0.0,0.0,0.0
26,"Purepet Wet Cat Food For All Life Stages, Real Tuna and Chicken Liver in Gravy, 24 Pouches (24 x 70g)",purepet,528.0,1.68,3.5,749.0,"['Tuna', 'Chicken', 'Wet', 'Gravy']",31.428571428571427,235400.0,0.0,1.0,0.5,1.0,0.0,1.0,0.0,0.0,0.0,0.0,0.0,1.0,1.0,1.0,0.0,0.0,0.0,0.0
27,"Whiskas Tasty Mix Wet Food for Adult Cats (1+ year), Made With Real Fish, Tuna With Kanikama And Carrot in Gravy Flavour, 24 Pouches (24 x 70g)",whiskas,918.0,1.68,4.4,518.0,"['Adult', 'Fish', 'Tuna', 'Wet', 'Gravy']",54.64285714285714,283050.0,1.0,0.0,0.5,1.0,1.0,1.0,0.0,0.0,0.0,0.0,0.0,1.0,1.0,0.0,0.0,0.0,0.0,1.0
28,"Whiskas Dry Food for Kittens (2-12 Months), Mackerel Flavour, 1.1kg Pack",whiskas,397.0,1.1,4.6,2792.0,"['Dry', 'Kitten', 'Mackerel']",36.09090909090909,1007658.18,0.5,0.0,1.0,1.0,0.0,0.0,0.0,1.0,0.0,0.0,0.0,0.0,0.0,0.0,0.0,0.0,0.0,0.0
29,"Whiskas Tasty Mix Wet Food for Adult Cats (1+ year), Made With Real Fish, Seafood Cocktail Wakame Seaweed in Gravy, 24 Pouches (24 x 70g)",whiskas,816.0,1.68,4.3,536.0,"['Adult', 'Fish', 'Wet', 'Gravy', 'Sea', 'Seafood']",48.57142857142857,260342.86,1.0,0.0,0.5,1.0,1.0,0.0,0.0,0.0,0.0,0.0,0.0,1.0,1.0,0.0,0.0,0.0,0.0,0.0
30,"Royal Canin Fit 32, 2 kg",royal,1375.0,2.0,4.5,8411.0,['Canin'],68.75,5782562.5,0.0,0.0,0.0,0.0,0.0,0.0,0.0,0.0,0.0,0.0,1.0,0.0,0.0,0.0,0.0,0.0,0.0,0.0
31,ME-O Dry Adult CAT Food Tuna Flavour 3 KG,me-o,870.0,3.0,4.2,44.0,"['Dry', 'Adult', 'Tuna']",29.0,12760.0,1.0,0.0,1.0,1.0,0.0,1.0,0.0,0.0,0.0,0.0,0.0,0.0,0.0,0.0,0.0,0.0,0.0,0.0
32,"Whiskas Wet Food for Adult Cats (1+Years), Salmon in Gravy Flavour, 12 Pouches (12 x 85g)",whiskas,480.0,1.02,4.3,442.0,"['Adult', 'Wet', 'Gravy', 'Salmon']",47.05882352941177,208000.0,1.0,0.0,0.5,1.0,0.0,0.0,1.0,0.0,0.0,0.0,0.0,1.0,1.0,0.0,0.0,0.0,0.0,0.0
33,"Me-O Adult Dry CAT Food Tuna Flavour, 3 kg",me-o,870.0,3.0,4.3,477.0,"['Dry', 'Adult', 'Tuna']",29.0,138330.0,1.0,0.0,1.0,1.0,0.0,1.0,0.0,0.0,0.0,0.0,0.0,0.0,0.0,0.0,0.0,0.0,0.0,0.0
34,"Whiskas Dry Food for Adult Cats (1+ Years), Grilled Saba Flavour, 1.2kg",whiskas,381.0,1.2,4.5,23.0,"['Dry', 'Adult']",31.75,7302.5,1.0,0.0,1.0,0.0,0.0,0.0,0.0,0.0,0.0,0.0,0.0,0.0,0.0,0.0,1.0,0.0,0.0,0.0
35,"Whiskas Dry Food for Adult Cats (1+ Years), Supports Hairball Control, Chicken &amp; Tuna Flavour, 1.1kg",whiskas,419.0,1.1,4.4,41.0,"['Dry', 'Adult', 'Tuna', 'Chicken']",38.09090909090909,15617.27,1.0,1.0,1.0,1.0,0.0,1.0,0.0,0.0,0.0,0.0,0.0,0.0,0.0,0.0,0.0,0.0,0.0,0.0
36,"Whiskas Wet Food for Kittens (2-12 Months), Tuna in Jelly Flavour, 12 Pouches (12 x 85g)",whiskas,,1.02,4.6,5087.0,"['Tuna', 'Kitten', 'Wet', 'Jelly']",,,0.5,0.0,0.5,1.0,0.0,1.0,0.0,0.0,0.0,0.0,0.0,0.0,1.0,0.0,0.0,0.0,0.0,0.0
37,"Sheba Fine Food for Adults Cats (+1 Years), Tuna Pumpkin &amp; Carrot in Gravy Flavour, Pack of 24 (24x 70g)",sheba,1260.0,1.68,4.5,341.0,"['Adult', 'Tuna', 'Gravy']",75.0,255750.0,1.0,0.0,0.0,1.0,0.0,1.0,0.0,0.0,0.0,0.0,0.0,1.0,0.0,0.0,0.0,0.0,0.0,1.0
38,"Farmina N&amp;D Grain Free Chicken and Pomegranate Adult Cat Food, 1.5 kg",farmina,2100.0,1.5,4.7,591.0,"['Adult', 'Chicken', 'Grain']",140.0,827400.0,1.0,1.0,0.0,0.0,0.0,0.0,0.0,0.0,0.0,0.0,0.0,0.0,0.0,0.0,0.0,0.0,0.0,1.0
39,"Whiskas Wet Food for Kittens (2-12 Months), Chicken in Gravy Flavour, 12 Pouches (12 x 85g)",whiskas,,1.02,4.5,5092.0,"['Chicken', 'Kitten', 'Wet', 'Gravy']",,,0.5,1.0,0.5,0.0,0.0,0.0,0.0,0.0,0.0,0.0,0.0,1.0,1.0,0.0,0.0,0.0,0.0,0.0
40,Puirna Fancy Feast Tuna Flakes in Gravy Wet Cat Food Pack of 6 X 85g Cans (1 Can Free with 5 Cans),puirna,462.0,0.42500000000000004,4.5,13.0,"['Tuna', 'Wet', 'Gravy']",108.70588235294117,14131.76,0.0,0.0,0.5,1.0,0.0,1.0,0.0,0.0,0.0,0.0,1.0,1.0,0.0,0.0,0.0,0.0,0.0,0.0
41,"Kittibles Cat Food Dry Adult, 1kg - Chicken, Tuna Fish, Ashwagandha, Rosemary Extract",kittibles,246.0,1.0,3.3,96.0,"['Dry', 'Adult', 'Fish', 'Tuna', 'Chicken']",24.6,23616.0,1.0,1.0,1.0,1.0,1.0,1.0,0.0,0.0,0.0,0.0,0.0,0.0,0.0,0.0,0.0,0.0,0.0,0.0
42,"Maxi Persian Adult(+1 year) Dry Cat Food, Ocean Fish, 7kg (BUY 1 GET 1 FREE)",maxi,1699.0,14.0,4.0,1540.0,"['Dry', 'Adult', 'Fish', 'Ocean', 'Persian']",12.135714285714286,186890.0,1.0,0.0,1.0,1.0,1.0,0.0,0.0,0.0,0.0,0.0,0.0,0.0,0.0,0.0,0.0,0.0,0.0,0.0
43,"Purina FRISKIES Seafood Sensations Adult Cat Food, Tuna Salmon Whitefish Cran &amp; Shrimp Flavours, 1.1kg",purina,441.0,1.1,4.1,242.0,"['Adult', 'Tuna', 'Salmon', 'Sea', 'Seafood', 'FRISKIES']",40.09090909090909,97020.0,1.0,0.0,0.0,1.0,1.0,1.0,1.0,0.0,0.0,0.0,0.0,0.0,0.0,0.0,0.0,0.0,0.0,0.0
44,"Purepet Adult Cat Food Combo of Mackerel, 1.2 kg &amp; Ocean Fish, 1.2 kg",purepet,378.0,1.2,4.2,178.0,"['Adult', 'Fish', 'Ocean', 'Mackerel']",31.5,56070.0,1.0,0.0,0.0,1.0,1.0,0.0,0.0,1.0,0.0,0.0,0.0,0.0,0.0,0.0,0.0,0.0,0.0,0.0
45,"Whiskas Wet Food for Kittens (2-12 Months), Tuna in Jelly Flavour, 12 pouches (12 x 85g)",whiskas,,1.02,4.2,244.0,"['Tuna', 'Kitten', 'Wet', 'Jelly']",,,0.5,0.0,0.5,1.0,0.0,1.0,0.0,0.0,0.0,0.0,0.0,0.0,1.0,0.0,0.0,0.0,0.0,0.0
46,Royal Canin Fit 32 Adult Dry Cat Food 400 g,royal,320.0,0.4,4.3,95.0,"['Dry', 'Adult', 'Canin']",80.0,76000.0,1.0,0.0,1.0,0.0,0.0,0.0,0.0,0.0,0.0,0.0,1.0,0.0,0.0,0.0,0.0,0.0,0.0,0.0
47,"Kitty Yums Dry Persian Cat Food, Ocean Fish, 1.2kg",kitty,520.0,1.2,4.5,19.0,"['Dry', 'Fish', 'Ocean', 'Persian']",43.333333333333336,8233.33,0.0,0.0,1.0,1.0,1.0,0.0,0.0,0.0,0.0,0.0,0.0,0.0,0.0,0.0,0.0,0.0,0.0,0.0
48,"IAMS Proactive Health Premium Dry Food for Mother &amp; Kitten (2-12 Months) with Chicken, 400g",iams,243.0,0.4,4.1,27.0,"['Dry', 'Chicken', 'Kitten']",60.75,16402.5,0.5,1.0,1.0,0.0,0.0,0.0,0.0,0.0,0.0,0.0,0.0,0.0,0.0,0.0,0.0,0.0,0.0,0.0
49,Farmina Pet Foods Matisse - Chicken &amp; Rice - Cat Dry Food - Adult (1.5kg),farmina,1230.0,1.5,4.6,149.0,"['Dry', 'Adult', 'Chicken', 'Matisse']",82.0,122180.0,1.0,1.0,1.0,0.0,0.0,0.0,0.0,0.0,0.0,0.0,0.0,0.0,0.0,0.0,0.0,0.0,0.0,1.0
50,"Sheba Premium Wet Food for Adult Cats, Skipjack &amp; Salmon Flavour, 12 Pouches (12 x 35g)",sheba,469.0,0.42,4.4,593.0,"['Adult', 'Wet', 'Salmon']",111.66666666666666,662183.33,1.0,0.0,0.5,1.0,0.0,0.0,1.0,0.0,0.0,0.0,0.0,0.0,1.0,0.0,0.0,0.0,0.0,0.0
51,"Sheba Premium Wet Food for Adult Cats, Fish &amp; Sasami Flavour, 12 Pouches (12 x 35g)",sheba,481.0,0.42,4.5,380.0,"['Adult', 'Fish', 'Wet']",114.52380952380952,435190.48,1.0,0.0,0.5,1.0,1.0,0.0,0.0,0.0,0.0,0.0,0.0,0.0,1.0,0.0,0.0,0.0,0.0,0.0
52,"Purepet Adult(+1 year) Dry Cat Food, Sea Food, 1.2kg",purepet,199.0,1.2,4.2,567.0,"['Dry', 'Adult', 'Sea']",16.583333333333332,94027.5,1.0,0.0,1.0,0.0,0.0,0.0,0.0,0.0,0.0,0.0,0.0,0.0,0.0,0.0,0.0,0.0,0.0,0.0
53,ME-O Dry Kitten CAT Food (Ocean Fish) 1.1 KG,me-o,389.0,1.1,4.3,386.0,"['Dry', 'Fish', 'Ocean', 'Kitten']",35.36363636363637,136503.64,0.5,0.0,1.0,1.0,1.0,0.0,0.0,0.0,0.0,0.0,0.0,0.0,0.0,0.0,0.0,0.0,0.0,0.0
54,Purina Fancy Feast Tuna and Seafood Medley Wet Cat Food Pack of 6 X 85g Cans (1 Can Free with 5 Cans),purina,462.0,0.42500000000000004,4.2,9.0,"['Tuna', 'Wet', 'Sea', 'Seafood']",108.70588235294117,9783.53,0.0,0.0,0.5,1.0,0.0,1.0,0.0,0.0,0.0,0.0,1.0,0.0,0.0,0.0,0.0,0.0,0.0,0.0
55,"Meat Up Kitten (1-12 Months) Dry Cat Food, Ocean Fish, 600g (Buy 1 Get 1 Free) &amp; Meat Up Mutton Flavour, Real Chicken Biscuit, 500g (Buy 1 Get 1 Free)",meat,478.0,1.2,,,"['Dry', 'Fish', 'Chicken', 'Ocean', 'Kitten', 'Meat']",39.833333333333336,,0.5,1.0,1.0,1.0,1.0,0.0,0.0,0.0,0.0,0.0,0.0,0.0,0.0,0.0,0.0,0.0,0.0,0.0
56,"Kitty Yums Kitten(1-12 Months) Dry Cat Food, Ocean Fish, 1.2kg",kitty,500.0,1.2,3.9,29.0,"['Dry', 'Fish', 'Ocean', 'Kitten']",41.666666666666664,12083.33,0.5,0.0,1.0,1.0,1.0,0.0,0.0,0.0,0.0,0.0,0.0,0.0,0.0,0.0,0.0,0.0,0.0,0.0
57,"Purina FRISKIES Kitten Discoveries Baby Cat Food, Tuna Chicken Milk Vegetables &amp; Whole Grain Flavours, 1.1kg",purina,446.0,1.1,4.2,360.0,"['Tuna', 'Chicken', 'Kitten', 'Grain', 'FRISKIES', 'Milk']",40.54545454545455,145963.64,0.5,1.0,0.0,1.0,0.0,1.0,0.0,0.0,0.0,1.0,0.0,0.0,0.0,0.0,0.0,0.0,0.0,1.0
58,"Whiskas Wet Food for Kittens (2-12 Months), Chicken in Gravy Flavour, 85g",whiskas,,0.085,4.7,5.0,"['Chicken', 'Kitten', 'Wet', 'Gravy']",,,0.5,1.0,0.5,0.0,0.0,0.0,0.0,0.0,0.0,0.0,0.0,1.0,0.0,0.0,0.0,0.0,0.0,0.0
59,"FARMINA Matisse Dry Cat Food, Adult, 1.5-kg, Salmon and Tuna",farmina,1170.0,1.5,4.6,294.0,"['Dry', 'Adult', 'Tuna', 'Salmon', 'Matisse']",78.0,229320.0,1.0,0.0,1.0,1.0,0.0,1.0,1.0,0.0,0.0,0.0,0.0,0.0,0.0,0.0,0.0,0.0,0.0,0.0
60,"Purina FRISKIES Seafood Sensations Adult Cat Food, Tuna Salmon Whitefish Cran &amp; Shrimp Flavours, 6.5kg",purina,1930.0,6.5,4.2,65.0,"['Adult', 'Tuna', 'Salmon', 'Sea', 'Seafood', 'FRISKIES']",29.692307692307693,19300.0,1.0,0.0,0.0,1.0,1.0,1.0,1.0,0.0,0.0,0.0,0.0,0.0,0.0,0.0,0.0,0.0,0.0,0.0
61,"IAMS Proactive Health Premium Dry Food for Adult Cats (1+ Years) with Tuna &amp; Salmon, 400g",iams,234.0,0.4,4.3,7.0,"['Dry', 'Adult', 'Tuna', 'Salmon']",58.5,4095.0,1.0,0.0,1.0,1.0,0.0,1.0,1.0,0.0,0.0,0.0,0.0,0.0,0.0,0.0,0.0,0.0,0.0,0.0
62,"PUREPET All Life Stages Wet Cat Food, Real Tuna and Chicken Liver in Gravy, 15 Pouches (15 x 70g)",purepet,375.0,1.05,3.5,560.0,"['Tuna', 'Chicken', 'Wet', 'Gravy']",35.714285714285715,200000.0,0.0,1.0,0.5,1.0,0.0,1.0,0.0,0.0,0.0,0.0,0.0,1.0,1.0,1.0,0.0,0.0,0.0,0.0
63,"Whiskas Tasty Mix Wet Food for Adult Cats (1+ Year), Made with Real Fish, Chicken with Salmon Wakame Seaweed in Gravy, Pack of 12 (12 x 70 g)",whiskas,486.0,0.84,4.4,116.0,"['Adult', 'Fish', 'Chicken', 'Wet', 'Gravy', 'Salmon', 'Sea']",57.857142857142854,67114.29,1.0,1.0,0.5,1.0,1.0,0.0,1.0,0.0,0.0,0.0,0.0,1.0,0.0,0.0,0.0,0.0,0.0,0.0
64,Purina Fancy Feast Tuna Chunks in Luscious Gravy Wet Cat Food Pack of 6 X 85g Cans (1 Can Free with 5 Cans),purina,462.0,0.42500000000000004,4.1,2.0,"['Tuna', 'Wet', 'Gravy']",108.70588235294117,2174.12,0.0,0.0,0.5,1.0,0.0,1.0,0.0,0.0,0.0,0.0,1.0,1.0,0.0,0.0,0.0,0.0,0.0,0.0
65,Royal Canin Indoor 27 Dry Adult Cat Food Chicken Flavour 2 KG,royal,1500.0,2.0,4.5,1853.0,"['Dry', 'Adult', 'Chicken', 'Canin']",75.0,1389750.0,1.0,1.0,1.0,0.0,0.0,0.0,0.0,0.0,0.0,0.0,1.0,0.0,0.0,0.0,0.0,0.0,0.0,0.0
66,"Purepet Wet Cat Food For All Life Stages, Real Chicken and Chicken Liver in Gravy, 24 Pouches (24 x 70g)",purepet,528.0,1.68,3.4,328.0,"['Chicken', 'Wet', 'Gravy']",31.428571428571427,103085.71,0.0,1.0,0.5,0.0,0.0,0.0,0.0,0.0,0.0,0.0,0.0,1.0,1.0,1.0,0.0,0.0,0.0,0.0
67,"Meat Up Adult (+1 Year) Wet Cat Food, Real Chicken and Chicken Liver in Gravy, 70g (Pack of 6) - Buy 1 Get 1 Free",meat,269.0,0.14,3.3,789.0,"['Adult', 'Chicken', 'Wet', 'Gravy', 'Meat']",192.1428571428571,1516007.14,1.0,1.0,0.5,0.0,0.0,0.0,0.0,0.0,0.0,0.0,0.0,1.0,0.0,1.0,0.0,0.0,0.0,0.0
68,"Me-O Cat Food Tuna, 1.2 kg",me-o,369.0,1.2,4.4,234.0,['Tuna'],30.75,71955.0,0.0,0.0,0.0,1.0,0.0,1.0,0.0,0.0,0.0,0.0,0.0,0.0,0.0,0.0,0.0,0.0,0.0,0.0
69,"Me-O Baby Persian Kitten Cat Food, Chicken, 1.1kg",me-o,415.0,1.1,4.4,297.0,"['Chicken', 'Kitten', 'Persian']",37.72727272727273,112050.0,0.5,1.0,0.0,0.0,0.0,0.0,0.0,0.0,0.0,0.0,0.0,0.0,0.0,0.0,0.0,0.0,0.0,0.0
70,"Kitty Yums Adult (+1 Year) Dry Cat Food, Ocean Fish, 1.2kg",kitty,520.0,1.2,4.8,8.0,"['Dry', 'Adult', 'Fish', 'Ocean']",43.333333333333336,3466.67,1.0,0.0,1.0,1.0,1.0,0.0,0.0,0.0,0.0,0.0,0.0,0.0,0.0,0.0,0.0,0.0,0.0,0.0
71,"Sheba Fine Food for Adults Cats (+1 Years), Chicken Premium Loaf Flavour, Pack of 24 (24 x 70g)",sheba,1116.0,1.68,4.2,330.0,"['Adult', 'Chicken']",66.42857142857143,219214.29,1.0,1.0,0.0,0.0,0.0,0.0,0.0,0.0,0.0,0.0,0.0,0.0,0.0,0.0,0.0,0.0,0.0,0.0
72,"Me-O Adult Dry Cat Food, Chicken and Vegetable, 7 kg",me-o,1850.0,7.0,4.4,314.0,"['Dry', 'Adult', 'Chicken']",26.428571428571427,82985.71,1.0,1.0,1.0,0.0,0.0,0.0,0.0,0.0,0.0,0.0,0.0,0.0,0.0,0.0,0.0,0.0,0.0,0.0
73,"FARMINA N&amp;D Prime Dry Cat Food, Adult, Grain-Free, 5-kg, Chicken and Pomegranate",farmina,5590.0,5.0,4.5,537.0,"['Dry', 'Adult', 'Chicken', 'Grain', 'Grain-Free']",111.8,600366.0,1.0,1.0,1.0,0.0,0.0,0.0,0.0,0.0,0.0,0.0,0.0,0.0,0.0,0.0,0.0,0.0,0.0,1.0
74,ME-O Dry Adult CAT Food Tuna Flavour 7 KG,me-o,1850.0,7.0,4.5,116.0,"['Dry', 'Adult', 'Tuna']",26.428571428571427,30657.14,1.0,0.0,1.0,1.0,0.0,1.0,0.0,0.0,0.0,0.0,0.0,0.0,0.0,0.0,0.0,0.0,0.0,0.0
75,"Royal Canin Intense Beauty Gravy Adult Cat SeaFood, 85 g (12 Pack)",royal,1188.0,0.085,4.3,538.0,"['Adult', 'Gravy', 'Sea', 'Canin']",1397.6470588235293,7519341.18,1.0,0.0,0.0,0.0,0.0,0.0,0.0,0.0,0.0,0.0,1.0,1.0,0.0,0.0,0.0,0.0,0.0,0.0
76,"FARMINA N&amp;D Ocean Herring and Orange Adult Cat, 300 g",farmina,750.0,0.3,4.5,18.0,"['Adult', 'Ocean']",250.0,45000.0,1.0,0.0,0.0,0.0,0.0,0.0,0.0,0.0,0.0,0.0,0.0,0.0,0.0,0.0,0.0,0.0,0.0,0.0
77,"FARMINA N&amp;D Prime Dry Cat Food, Kitten, Grain-Free, 1.5-kg, Chicken and Pomegranate",farmina,1900.0,1.5,4.4,531.0,"['Dry', 'Chicken', 'Kitten', 'Grain', 'Grain-Free']",126.66666666666667,672600.0,0.5,1.0,1.0,0.0,0.0,0.0,0.0,0.0,0.0,0.0,0.0,0.0,0.0,0.0,0.0,0.0,0.0,1.0
78,"FARMINA N&amp;D Prime Dry Cat Food, Adult, Grain-Free, 5-kg, Lamb and Blueberry",farmina,4761.0,5.0,4.5,791.0,"['Dry', 'Adult', 'Grain', 'Grain-Free']",95.22,753190.2,1.0,0.0,1.0,0.0,0.0,0.0,0.0,0.0,0.0,0.0,0.0,0.0,0.0,0.0,0.0,0.0,0.0,1.0
79,"FARMINA Matisse Dry Cat Food, Kitten, 1.5-kg",farmina,1190.0,1.5,4.5,281.0,"['Dry', 'Kitten', 'Matisse']",79.33333333333333,222926.67,0.5,0.0,1.0,0.0,0.0,0.0,0.0,0.0,0.0,0.0,0.0,0.0,0.0,0.0,0.0,0.0,0.0,0.0
80,"Me-O Persian Dry Adult Cat Food, Chicken Flavour, 1.1 KG",me-o,,1.1,4.3,315.0,"['Dry', 'Adult', 'Chicken', 'Persian']",,,1.0,1.0,1.0,0.0,0.0,0.0,0.0,0.0,0.0,0.0,0.0,0.0,0.0,0.0,0.0,0.0,0.0,0.0
81,"IAMS Proactive Health Premium Dry Food for Adult Cats (1+ Years) with Tuna &amp; Salmon, 1kg",iams,510.0,1.0,4.2,9.0,"['Dry', 'Adult', 'Tuna', 'Salmon']",51.0,4590.0,1.0,0.0,1.0,1.0,0.0,1.0,1.0,0.0,0.0,0.0,0.0,0.0,0.0,0.0,0.0,0.0,0.0,0.0
82,"Kennel Kitchen Tuna in Jelly, 430g (Pack of 2), Wet Cat Food for Adult Cat and Kitten",kennel,300.0,0.86,3.1,228.0,"['Adult', 'Tuna', 'Kitten', 'Wet', 'Jelly']",34.883720930232556,79534.88,1.0,0.0,0.5,1.0,0.0,1.0,0.0,0.0,0.0,0.0,0.0,0.0,0.0,0.0,0.0,0.0,0.0,0.0
83,Heads Up For Tails Schesir Wet Cat Food Tuna and Chicken with Shrimps Pouch - 50 g (Pack of 4),heads,356.0,0.2,4.2,19.0,"['Tuna', 'Chicken', 'Wet', 'Schesir']",178.0,33820.0,0.0,1.0,0.5,1.0,0.0,1.0,0.0,0.0,1.0,0.0,0.0,0.0,1.0,0.0,0.0,0.0,0.0,0.0
84,"Whiskas Tasty Mix Wet Food for Adult Cats (1+ Year), Made with Real Fish, Seafood Cocktail Wakame Seaweed in Gravy, Pack of 12 (12 x 70 g)",whiskas,486.0,0.84,4.2,126.0,"['Adult', 'Fish', 'Wet', 'Gravy', 'Sea', 'Seafood']",57.857142857142854,72900.0,1.0,0.0,0.5,1.0,1.0,0.0,0.0,0.0,0.0,0.0,0.0,1.0,0.0,0.0,0.0,0.0,0.0,0.0
85,"Sheba Premium Fine Wet Food for Kitten (2-12 Months), Chicken Loaf, 12 Pouches (12 x 70g)",sheba,658.0,0.84,4.3,493.0,"['Chicken', 'Kitten', 'Wet']",78.33333333333333,386183.33,0.5,1.0,0.5,0.0,0.0,0.0,0.0,0.0,0.0,0.0,0.0,0.0,1.0,0.0,0.0,0.0,0.0,0.0
86,"Whiskas Adult (+1 year) Wet Cat Food, Tuna in Jelly, 12 Pouches (12 x 85g)",whiskas,,1.02,4.6,2187.0,"['Adult', 'Tuna', 'Wet', 'Jelly']",,,1.0,0.0,0.5,1.0,0.0,1.0,0.0,0.0,0.0,0.0,0.0,0.0,1.0,0.0,0.0,0.0,0.0,0.0
87,"Whiskas Wet Cat Food for Adult Cats (1+Years), Chicken in Gravy Flavour, 85g",whiskas,40.0,0.085,4.5,2309.0,"['Adult', 'Chicken', 'Wet', 'Gravy']",47.05882352941176,1086588.24,1.0,1.0,0.5,0.0,0.0,0.0,0.0,0.0,0.0,0.0,0.0,1.0,0.0,0.0,0.0,0.0,0.0,0.0
88,"Royal Canin Mother &amp; Baby Cat, 400 g",royal,480.0,0.4,4.5,449.0,['Canin'],120.0,538800.0,0.0,0.0,0.0,0.0,0.0,0.0,0.0,0.0,0.0,0.0,1.0,0.0,0.0,0.0,0.0,0.0,0.0,0.0
89,"FARMINA N&amp;D Ocean Dry Cat Food, Adult, Grain-Free, 1.5-kg, Herring and Orange",farmina,2100.0,1.5,4.5,157.0,"['Dry', 'Adult', 'Ocean', 'Grain', 'Grain-Free']",140.0,219800.0,1.0,0.0,1.0,0.0,0.0,0.0,0.0,0.0,0.0,0.0,0.0,0.0,0.0,0.0,0.0,0.0,0.0,1.0
90,Purina Fancy Feast Tuna Affair with Whole Shrimp Wet Cat Food Pack of 6 X 85g Cans (1 Can Free with 5 Cans),purina,462.0,0.42500000000000004,4.1,20.0,"['Tuna', 'Wet']",108.70588235294117,21741.18,0.0,0.0,0.5,1.0,0.0,1.0,0.0,0.0,0.0,0.0,1.0,0.0,0.0,0.0,0.0,0.0,0.0,0.0
91,Purina Fancy Feast Seafood and Chicken Feast in Thick Gravy Wet Cat Food Pack of 6 X 85g Cans (1 Can Free with 5 Cans),purina,462.0,0.42500000000000004,3.9,6.0,"['Chicken', 'Wet', 'Gravy', 'Sea', 'Seafood']",108.70588235294117,6522.35,0.0,1.0,0.5,0.0,0.0,0.0,0.0,0.0,0.0,0.0,1.0,1.0,0.0,0.0,0.0,0.0,0.0,0.0
92,ME-O Dry Adult CAT Food Tuna Flavour 1.2 KG,me-o,420.0,1.2,4.4,84.0,"['Dry', 'Adult', 'Tuna']",35.0,29400.0,1.0,0.0,1.0,1.0,0.0,1.0,0.0,0.0,0.0,0.0,0.0,0.0,0.0,0.0,0.0,0.0,0.0,0.0
93,Schesir Chicken fillets with Ham Multipack Canned Wet Cat Food - 50g Each - Pack of 6,schesir,474.0,0.30000000000000004,5.0,4.0,"['Chicken', 'Wet', 'Schesir']",157.99999999999997,6320.0,0.0,1.0,0.5,0.0,0.0,0.0,0.0,0.0,0.0,0.0,1.0,0.0,0.0,0.0,0.0,0.0,1.0,0.0
94,"Drools Kitten (1-12 Months) Dry Cat Food, Ocean Fish, 3kg with Free 1.2kg",drools,800.0,3.0,4.0,388.0,"['Dry', 'Fish', 'Ocean', 'Kitten']",26.666666666666668,103466.67,0.5,0.0,1.0,1.0,1.0,0.0,0.0,0.0,0.0,0.0,0.0,0.0,0.0,0.0,0.0,0.0,0.0,0.0
95,ME-O Dry Adult CAT Food Persian CAT 1.1 KG,me-o,389.0,1.1,4.2,146.0,"['Dry', 'Adult', 'Persian']",35.36363636363637,51630.91,1.0,0.0,1.0,0.0,0.0,0.0,0.0,0.0,0.0,0.0,0.0,0.0,0.0,0.0,0.0,0.0,0.0,0.0
96,Me-O Dry Adult Persian Cat Seafood - 6.8 Kg,me-o,1900.0,6.8,4.5,162.0,"['Dry', 'Adult', 'Sea', 'Persian', 'Seafood']",27.941176470588236,45264.71,1.0,0.0,1.0,0.0,0.0,0.0,0.0,0.0,0.0,0.0,0.0,0.0,0.0,0.0,0.0,0.0,0.0,0.0
97,Schesir Chicken fillets with Ham Multipack Canned Wet Cat Food - 50g Each - Pack of 6,schesir,474.0,0.30000000000000004,5.0,4.0,"['Chicken', 'Wet', 'Schesir']",157.99999999999997,6320.0,0.0,1.0,0.5,0.0,0.0,0.0,0.0,0.0,0.0,0.0,1.0,0.0,0.0,0.0,0.0,0.0,1.0,0.0
98,"Whiskas Wet Food for Adult Cats (1+Years), Chicken in Gravy Flavour, 48 Pouches (48 x 85g)",whiskas,1920.0,4.08,4.5,97.0,"['Adult', 'Chicken', 'Wet', 'Gravy']",47.05882352941177,45647.06,1.0,1.0,0.5,0.0,0.0,0.0,0.0,0.0,0.0,0.0,0.0,1.0,1.0,0.0,0.0,0.0,0.0,0.0
99,"Whiskas Tasty Mix Wet Food for Adult Cats (1+ year), Made With Real Fish, Chicken With Tuna And Carrot in Gravy, 24 Pouches (24 x 70g)",whiskas,972.0,1.68,4.4,944.0,"['Adult', 'Fish', 'Tuna', 'Chicken', 'Wet', 'Gravy']",57.857142857142854,546171.43,1.0,1.0,0.5,1.0,1.0,1.0,0.0,0.0,0.0,0.0,0.0,1.0,1.0,0.0,0.0,0.0,0.0,1.0
100,Royal Canin Food for Sterilised Cats 85 g (Pack of 12),royal,1500.0,1.02,4.5,455.0,['Canin'],147.05882352941177,669117.65,0.0,0.0,0.0,0.0,0.0,0.0,0.0,0.0,0.0,0.0,1.0,0.0,0.0,0.0,0.0,0.0,0.0,0.0
101,"ProDiet, Mackerel cat Food, 500 Grams","prodiet,",200.0,0.5,2.5,2.0,['Mackerel'],40.0,800.0,0.0,0.0,0.0,1.0,0.0,0.0,0.0,1.0,0.0,0.0,0.0,0.0,0.0,0.0,0.0,0.0,0.0,0.0
102,"Me-O Adult Cat Dry Food, Seafood, 7 kg",me-o,1850.0,7.0,4.3,228.0,"['Dry', 'Adult', 'Sea', 'Seafood']",26.428571428571427,60257.14,1.0,0.0,1.0,0.0,0.0,0.0,0.0,0.0,0.0,0.0,0.0,0.0,0.0,0.0,0.0,0.0,0.0,0.0
103,"FARMINA N&amp;D Quinoa Weight Management Dry Cat Food, Adult, Grain-Free, 1.5-kg, Lamb Broccoli and Asparagus",farmina,2250.0,1.5,4.7,29.0,"['Dry', 'Adult', 'Grain', 'Grain-Free']",150.0,43500.0,1.0,0.0,1.0,0.0,0.0,0.0,0.0,0.0,0.0,0.0,0.0,0.0,0.0,0.0,0.0,0.0,0.0,1.0
104,Royal Canin Persian Adult Dry Cat Food 4 Kg,royal,3860.0,4.0,4.6,779.0,"['Dry', 'Adult', 'Persian', 'Canin']",96.5,751735.0,1.0,0.0,1.0,0.0,0.0,0.0,0.0,0.0,0.0,0.0,1.0,0.0,0.0,0.0,0.0,0.0,0.0,0.0
105,"Royal Canin Kitten Persian, 4kg",royal,4010.0,4.0,4.2,85.0,"['Kitten', 'Persian', 'Canin']",100.25,85212.5,0.5,0.0,0.0,0.0,0.0,0.0,0.0,0.0,0.0,0.0,1.0,0.0,0.0,0.0,0.0,0.0,0.0,0.0
106,"Purina FRISKIES Surfin' Favourites Adult Cat Food, Mackerel Tuna Salmon &amp; Sardine Flavours, 1.1kg",purina,470.0,1.1,4.2,144.0,"['Adult', 'Tuna', 'Salmon', 'Mackerel', 'FRISKIES']",42.72727272727273,61527.27,1.0,0.0,0.0,1.0,0.0,1.0,1.0,1.0,0.0,0.0,0.0,0.0,0.0,0.0,0.0,0.0,0.0,0.0
107,"FARMINA N&amp;D Quinoa Urinary Dry Cat Food, Adult, Grain-Free, 1.5-kg, Duck Cranberry and Chamomile",farmina,2250.0,1.5,4.7,360.0,"['Dry', 'Adult', 'Grain', 'Grain-Free']",150.0,540000.0,1.0,0.0,1.0,0.0,0.0,0.0,0.0,0.0,0.0,0.0,0.0,0.0,0.0,0.0,0.0,0.0,0.0,1.0
108,Purina Fancy Feast Tender Chicken Feast Wet Cat Food Pack of 6 X 85g Cans (1 Can Free with 5 Cans),purina,462.0,0.42500000000000004,3.6,8.0,"['Chicken', 'Wet']",108.70588235294117,8696.47,0.0,1.0,0.5,0.0,0.0,0.0,0.0,0.0,0.0,0.0,1.0,0.0,0.0,0.0,0.0,0.0,0.0,0.0
109,"Me-O Tuna Pellet Adult Cat Food, 7 kg",me-o,1850.0,7.0,4.3,263.0,"['Adult', 'Tuna']",26.428571428571427,69507.14,1.0,0.0,0.0,1.0,0.0,1.0,0.0,0.0,0.0,0.0,0.0,0.0,0.0,0.0,0.0,0.0,0.0,0.0
110,"Matisse Farmina Kitten Cat Food, 400 g",matisse,350.0,0.4,4.4,114.0,"['Kitten', 'Matisse']",87.5,99750.0,0.5,0.0,0.0,0.0,0.0,0.0,0.0,0.0,0.0,0.0,0.0,0.0,0.0,0.0,0.0,0.0,0.0,0.0
111,MEO Persian Anti Hairball Formula Dry Cat Food - 2.8 Kg,meo,,2.8,4.3,20.0,"['Dry', 'Persian']",,,0.0,0.0,1.0,0.0,0.0,0.0,0.0,0.0,0.0,0.0,0.0,0.0,0.0,0.0,0.0,0.0,0.0,0.0
112,"Kennel Kitchen Tuna in Jelly,12 x 80g Each. Grain Free Wet Cat Food for Adults and Kittens,",kennel,480.0,0.96,3.3,134.0,"['Adult', 'Tuna', 'Kitten', 'Wet', 'Grain', 'Jelly']",50.0,67000.0,1.0,0.0,0.5,1.0,0.0,1.0,0.0,0.0,0.0,0.0,0.0,0.0,0.0,0.0,0.0,0.0,0.0,1.0
113,Heads Up For Tails Schesir Wet Cat Food Tuna with Salmon Pouch - 50 g (Pack of 4),heads,356.0,0.2,3.9,46.0,"['Tuna', 'Wet', 'Salmon', 'Schesir']",178.0,81880.0,0.0,0.0,0.5,1.0,0.0,1.0,1.0,0.0,0.0,0.0,0.0,0.0,1.0,0.0,0.0,0.0,0.0,0.0
114,"Whiskas Kitten (2-12 Months) Dry Cat Food, Ocean Fish Flavour with Milk, 3 Kg Pack &amp; Kitten (2-12 Months) Dry Cat Food, Mackerel Flavour, 450G Pack",whiskas,1039.0,3.0,4.6,4.0,"['Dry', 'Fish', 'Ocean', 'Kitten', 'Mackerel', 'Milk']",34.63333333333333,1385.33,0.5,0.0,1.0,1.0,1.0,0.0,0.0,1.0,0.0,1.0,0.0,0.0,0.0,0.0,0.0,0.0,0.0,0.0
115,"Royal Canin Adult Instinctive Wet Cat Food, Fish, 85 g (12 Pack)",royal,967.0,0.085,4.5,862.0,"['Adult', 'Fish', 'Wet', 'Canin']",1137.6470588235293,9806517.65,1.0,0.0,0.5,1.0,1.0,0.0,0.0,0.0,0.0,0.0,1.0,0.0,0.0,0.0,0.0,0.0,0.0,0.0
116,"Royal Canin Kitten Gravy-Salsa-Sas Instinctive pack, 12 x 85g",royal,,1.02,4.4,1466.0,"['Kitten', 'Gravy', 'Canin']",,,0.5,0.0,0.0,0.0,0.0,0.0,0.0,0.0,0.0,0.0,1.0,1.0,0.0,0.0,0.0,0.0,0.0,0.0
117,"Arden Grange Chicken and Potato Grain Free Adult Cat Food, 2 kg",arden,1692.0,2.0,4.3,261.0,"['Adult', 'Chicken', 'Grain']",84.6,220806.0,1.0,1.0,0.0,0.0,0.0,0.0,0.0,0.0,0.0,0.0,0.0,0.0,0.0,0.0,0.0,0.0,0.0,1.0
118,"FARMINA Matisse Dry Cat Food, Adult, 10-kg, Chicken and Rice",farmina,6550.0,10.0,4.5,17.0,"['Dry', 'Adult', 'Chicken', 'Matisse']",65.5,11135.0,1.0,1.0,1.0,0.0,0.0,0.0,0.0,0.0,0.0,0.0,0.0,0.0,0.0,0.0,0.0,0.0,0.0,1.0
119,"IAMS Proactive Health Premium Dry Food for Adult Cats (1+ Years) with Tuna &amp; Salmon, 3kg",iams,1494.0,3.0,3.0,7.0,"['Dry', 'Adult', 'Tuna', 'Salmon']",49.8,3486.0,1.0,0.0,1.0,1.0,0.0,1.0,1.0,0.0,0.0,0.0,0.0,0.0,0.0,0.0,0.0,0.0,0.0,0.0
120,"Me-O Cat Food Salmon, 1.1 kg",me-o,420.0,1.1,4.3,196.0,['Salmon'],38.18181818181818,74836.36,0.0,0.0,0.0,1.0,0.0,0.0,1.0,0.0,0.0,0.0,0.0,0.0,0.0,0.0,0.0,0.0,0.0,0.0
121,"Kennel Kitchen Chicken in Jelly, 400g (Pack of 2) Wet Cat Food for Adult Cat and Kitten",kennel,300.0,0.8,3.1,59.0,"['Adult', 'Chicken', 'Kitten', 'Wet', 'Jelly']",37.5,22125.0,1.0,1.0,0.5,0.0,0.0,0.0,0.0,0.0,0.0,0.0,0.0,0.0,0.0,0.0,0.0,0.0,0.0,0.0
122,Sheba Melty Sasami Chicken &amp; White Fish Flavor Cat Treat - 48 g - Each - Pack of 12 (48gx12),sheba,1093.0,0.5760000000000001,5.0,4.0,"['Fish', 'Chicken']",189.75694444444443,7590.28,0.0,1.0,0.0,1.0,1.0,0.0,0.0,0.0,0.0,0.0,0.0,0.0,0.0,0.0,0.0,0.0,0.0,0.0
123,Kitty Yums Dry Persian Cat Food - Ocean Fish - 3Kg,kitty,1175.0,3.0,4.7,7.0,"['Dry', 'Fish', 'Ocean', 'Persian']",39.166666666666664,2741.67,0.0,0.0,1.0,1.0,1.0,0.0,0.0,0.0,0.0,0.0,0.0,0.0,0.0,0.0,0.0,0.0,0.0,0.0
124,"Me-O Adult Cat Dry Food, Mackerel, 1.2 kg",me-o,,1.2,4.4,284.0,"['Dry', 'Adult', 'Mackerel']",,,1.0,0.0,1.0,1.0,0.0,0.0,0.0,1.0,0.0,0.0,0.0,0.0,0.0,0.0,0.0,0.0,0.0,0.0
125,Schesir 71% Chicken fillets with Duck Wet Cat Food- (6x50 g),schesir,449.0,0.05,3.8,28.0,"['Chicken', 'Wet', 'Schesir']",898.0,251440.0,0.0,1.0,0.5,0.0,0.0,0.0,0.0,0.0,0.0,0.0,0.0,0.0,0.0,0.0,0.0,0.0,0.0,0.0
126,"Whiskas Adult (+1 Year) Dry Cat Food, Chicken Flavour, 1.2kg Pack &amp; Whiskas Adult (+1 Year) Dry Cat Food, Mackerel Flavour, 1.2kg Pack",whiskas,773.0,2.2,4.6,53.0,"['Dry', 'Adult', 'Chicken', 'Mackerel']",35.13636363636363,18622.27,1.0,1.0,1.0,1.0,0.0,0.0,0.0,1.0,0.0,0.0,0.0,0.0,0.0,0.0,0.0,0.0,0.0,0.0
127,"Purepet Chicken and Milk Adult Food, 1.1 kg &amp; Adult(+1 Year) Dry Cat Food, Mackerel, 1.2kg &amp; Adult(+1 Year) Dry Cat Food, Ocean Fish, 1.2kg",purepet,597.0,2.1,4.0,1498.0,"['Dry', 'Adult', 'Fish', 'Chicken', 'Ocean', 'Mackerel', 'Milk']",28.428571428571427,425860.0,1.0,1.0,1.0,1.0,1.0,0.0,0.0,1.0,0.0,1.0,0.0,0.0,0.0,0.0,0.0,0.0,0.0,0.0
128,"Me-O Adult Cat Food in Jelly, Mackerel, 80 g (Pack of 12)",me-o,460.0,0.96,4.1,48.0,"['Adult', 'Mackerel', 'Jelly']",47.91666666666667,23000.0,1.0,0.0,0.0,1.0,0.0,0.0,0.0,1.0,0.0,0.0,0.0,0.0,0.0,0.0,0.0,0.0,0.0,0.0
129,"Royal Canin Persian Pellet Kitten Food, Chicken Flavour (2 kg)",royal,2060.0,2.0,4.8,19.0,"['Chicken', 'Kitten', 'Persian', 'Canin']",103.0,19570.0,0.5,1.0,0.0,0.0,0.0,0.0,0.0,0.0,0.0,0.0,1.0,0.0,0.0,0.0,0.0,0.0,0.0,0.0
130,"Whiskas Junior Cat Food - Ocean Fish, 450g Pouch",whiskas,230.0,0.45,5.0,4.0,"['Fish', 'Ocean']",51.111111111111114,2044.44,0.0,0.0,0.0,1.0,1.0,0.0,0.0,0.0,0.0,0.0,0.0,0.0,1.0,0.0,0.0,0.0,0.0,0.0
131,"Me-O OEM Systems Cat Food, Gourmet Flavor, 1.1 Kg",me-o,420.0,1.1,4.1,50.0,[],38.18181818181818,19090.91,0.0,0.0,0.0,0.0,0.0,0.0,0.0,0.0,0.0,0.0,0.0,0.0,0.0,0.0,0.0,0.0,0.0,0.0
132,"Me-O OEM Systems Cat Food, Gourmet Flavor, 1.1 Kg",me-o,420.0,1.1,4.1,50.0,[],38.18181818181818,19090.91,0.0,0.0,0.0,0.0,0.0,0.0,0.0,0.0,0.0,0.0,0.0,0.0,0.0,0.0,0.0,0.0,0.0,0.0
133,"Me-O Dry Adult Fit 32 Cat Food Tuna Flavor, 1.2kg - Pack of 2",me-o,900.0,2.4,5.0,1.0,"['Dry', 'Adult', 'Tuna']",37.5,375.0,1.0,0.0,1.0,1.0,0.0,1.0,0.0,0.0,0.0,0.0,0.0,0.0,0.0,0.0,0.0,0.0,0.0,0.0
134,"FARMINA N&amp;D Grain Free Ocean Herring and Orange Adult Cat Food, 5 kg",farmina,5290.0,5.0,4.5,23.0,"['Adult', 'Ocean', 'Grain']",105.8,24334.0,1.0,0.0,0.0,0.0,0.0,0.0,0.0,0.0,0.0,0.0,0.0,0.0,0.0,0.0,0.0,0.0,0.0,1.0
135,"Whiskas Junior Cat Food - Ocean Fish, 450g Pouch",whiskas,230.0,0.45,5.0,4.0,"['Fish', 'Ocean']",51.111111111111114,2044.44,0.0,0.0,0.0,1.0,1.0,0.0,0.0,0.0,0.0,0.0,0.0,0.0,1.0,0.0,0.0,0.0,0.0,0.0
136,"Me-O Adult Cat Food, Sardine with Red Snapper, 80 g (Pack of 12)",me-o,480.0,0.96,4.1,58.0,['Adult'],50.0,29000.0,1.0,0.0,0.0,0.0,0.0,0.0,0.0,0.0,0.0,0.0,0.0,0.0,0.0,0.0,0.0,0.0,0.0,0.0
137,"Purepet Adult Cat Food Combo of Sea Food, 7 kg &amp; Ocean Fish, 7kg",purepet,1758.0,7.0,4.3,145.0,"['Adult', 'Fish', 'Ocean', 'Sea']",25.114285714285714,36415.71,1.0,0.0,0.0,1.0,1.0,0.0,0.0,0.0,0.0,0.0,0.0,0.0,0.0,0.0,0.0,0.0,0.0,0.0
138,"FARMINA Matisse Dry Cat Food, Neutered Adult, 10-kg, Salmon",farmina,6550.0,10.0,4.5,170.0,"['Dry', 'Adult', 'Salmon', 'Matisse']",65.5,111350.0,1.0,0.0,1.0,1.0,0.0,0.0,1.0,0.0,0.0,0.0,0.0,0.0,0.0,0.0,0.0,0.0,0.0,0.0
139,"Whiskas Adult (+1 year) Wet Cat Food Salmon, 12 Pouches (12 x 85g)",whiskas,,1.02,4.6,2225.0,"['Adult', 'Wet', 'Salmon']",,,1.0,0.0,0.5,1.0,0.0,0.0,1.0,0.0,0.0,0.0,0.0,0.0,1.0,0.0,0.0,0.0,0.0,0.0
140,"FARMINA N&amp;D Quinoa Dry Cat Food, Digestion, Grain-Free Adult, 5-kg, Lamb Fennel and Mint",farmina,5590.0,5.0,4.7,180.0,"['Dry', 'Adult', 'Grain', 'Grain-Free']",111.8,201240.0,1.0,0.0,1.0,0.0,0.0,0.0,0.0,0.0,0.0,0.0,0.0,0.0,0.0,0.0,0.0,0.0,0.0,1.0
141,"Generic Let's Bite Active Kitten Dry Cat Food, Ocean Fish - 400g (Pack of 1) (Pack of 1) (Pack of 1)",generic,200.0,0.4,,,"['Dry', 'Fish', 'Ocean', 'Kitten']",50.0,,0.5,0.0,1.0,1.0,1.0,0.0,0.0,0.0,0.0,0.0,0.0,0.0,0.0,0.0,0.0,0.0,0.0,0.0
142,ME-O Dry Kitten Food - Ocean Fish Flavor 2.8 KG,me-o,,2.8,4.4,251.0,"['Dry', 'Fish', 'Ocean', 'Kitten']",,,0.5,0.0,1.0,1.0,1.0,0.0,0.0,0.0,0.0,0.0,0.0,0.0,0.0,0.0,0.0,0.0,0.0,0.0
143,"Meat Up Kitten (1-12 Months) Dry Cat Food, Ocean Fish, 600 g &amp; Kitten(1-12 Months) Dry Cat Food, Ocean Fish, 1.2kg (Buy 1 GET 1 Free) &amp; Adult(+1 Year) Dry Cat Food, Ocean Fish, 1.2kg (Pack of 2)",meat,1128.0,8.0,5.0,1.0,"['Dry', 'Adult', 'Fish', 'Ocean', 'Kitten', 'Meat']",14.1,141.0,1.0,0.0,1.0,1.0,1.0,0.0,0.0,0.0,0.0,0.0,0.0,0.0,0.0,0.0,0.0,0.0,0.0,0.0
144,"Meat Up Chicken Flavour Real Chicken Biscuit, 1kg (Buy 1 Get 1 Free) &amp; Meat Up Kitten (1-12 Months) Dry Cat Food, Ocean Fish, 600g (Buy 1 Get 1 Free)",meat,598.0,2.0,,,"['Dry', 'Fish', 'Chicken', 'Ocean', 'Kitten', 'Meat']",29.9,,0.5,1.0,1.0,1.0,1.0,0.0,0.0,0.0,0.0,0.0,0.0,0.0,0.0,0.0,0.0,0.0,0.0,0.0
145,Schesir Chicken Fillets in Jelly Food for Adult Cats - 85 g (Pack of 3),schesir,396.0,0.255,,,"['Adult', 'Chicken', 'Schesir', 'Jelly']",155.29411764705884,,1.0,1.0,0.0,0.0,0.0,0.0,0.0,0.0,0.0,0.0,0.0,0.0,0.0,0.0,0.0,0.0,0.0,0.0
146,"Whiskas Salmon in Gravy, Wet Gravy Food for Adult Cats, 85 g Pouch [Pack of 6]",whiskas,240.0,0.51,4.4,36.0,"['Adult', 'Wet', 'Gravy', 'Salmon']",47.05882352941177,16941.18,1.0,0.0,0.5,1.0,0.0,0.0,1.0,0.0,0.0,0.0,0.0,1.0,1.0,0.0,0.0,0.0,0.0,0.0
147,FARMINA Matisse - Salmon &amp; Tuna - Cat Dry Food - Adult 10kg,farmina,6550.0,10.0,4.6,16.0,"['Dry', 'Adult', 'Tuna', 'Salmon', 'Matisse']",65.5,10480.0,1.0,0.0,1.0,1.0,0.0,1.0,1.0,0.0,0.0,0.0,0.0,0.0,0.0,0.0,0.0,0.0,0.0,0.0
148,"Barkbutler x DUX Chicken Gravy with Tuna Cat Food, 85 Grams (Pack of 24) | Omega 3 | Natural Ocean Protein Source | Essential Nutrients | Antioxidants | Low Fat Diet |",barkbutler,960.0,0.255,,,"['Tuna', 'Chicken', 'Ocean', 'Gravy']",376.47058823529414,,0.0,1.0,0.0,1.0,0.0,1.0,0.0,0.0,0.0,0.0,0.0,1.0,0.0,0.0,0.0,0.0,0.0,0.0
149,"DynamicSales (India) Me-O Adult Dry Cat Food, Chicken and Vegetable, 1.2 kg",dynamicsales,400.0,1.2,,,"['Dry', 'Adult', 'Chicken']",33.333333333333336,,1.0,1.0,1.0,0.0,0.0,0.0,0.0,0.0,0.0,0.0,0.0,0.0,0.0,0.0,0.0,0.0,0.0,0.0
150,"Royal Canin Intense Beauty Cat Food, 85 g (12 Pack) &amp; Royal Canin Fit 32 Adult Dry Cat Food 400 g",royal,1614.0,0.085,,,"['Dry', 'Adult', 'Canin']",1898.8235294117644,,1.0,0.0,1.0,0.0,0.0,0.0,0.0,0.0,0.0,0.0,1.0,0.0,0.0,0.0,0.0,0.0,0.0,0.0
151,Kit Cat Kitten &amp; Pregnant Cat Food 400-g,kit,338.0,0.4,5.0,1.0,['Kitten'],84.5,845.0,0.5,0.0,0.0,0.0,0.0,0.0,0.0,0.0,0.0,0.0,0.0,0.0,0.0,0.0,0.0,0.0,0.0,0.0
152,"Whiskas Kitten (2-12 Months) Dry Cat Food, Ocean Fish Flavour with Milk, 3 Kg Pack &amp; Adult (+1 Year) Dry Cat Food, Ocean Fish Flavour, 7Kg Pack",whiskas,2744.0,4.0,,,"['Dry', 'Adult', 'Fish', 'Ocean', 'Kitten', 'Milk']",68.6,,1.0,0.0,1.0,1.0,1.0,0.0,0.0,0.0,0.0,1.0,0.0,0.0,0.0,0.0,0.0,0.0,0.0,0.0
153,Nurture Pro Longevity Grain Free Wet Cat Food - Coconut - Chicken &amp; Skip Jack Tuna White Meat - 80 g Each Pack of 3,nurture,368.0,0.24,3.6,22.0,"['Tuna', 'Chicken', 'Wet', 'Grain', 'Meat']",153.33333333333334,33733.33,0.0,1.0,0.5,1.0,0.0,1.0,0.0,0.0,0.0,0.0,0.0,0.0,0.0,0.0,0.0,0.0,0.0,1.0
154,"Farmina Matisse Dry Cat Food, Kitten, 1.5-kg",farmina,1190.0,1.5,4.3,12.0,"['Dry', 'Kitten', 'Matisse']",79.33333333333333,9520.0,0.5,0.0,1.0,0.0,0.0,0.0,0.0,0.0,0.0,0.0,0.0,0.0,0.0,0.0,0.0,0.0,0.0,0.0
155,"Sheba Adult Rich Premium Wet Cat Food, Fish Mix (Skipjack &amp; Salmon), 12 Pouches (12 x 35g) &amp; Rich Premium Kitten (2-12 Months) Fine Wet Cat Food, Chicken Loaf - 70 g Pouch",sheba,539.0,0.42,4.7,42.0,"['Adult', 'Fish', 'Chicken', 'Kitten', 'Wet', 'Salmon']",128.33333333333331,53900.0,1.0,1.0,0.5,1.0,1.0,0.0,1.0,0.0,0.0,0.0,0.0,0.0,1.0,0.0,0.0,0.0,0.0,0.0
156,"Whiskas Adult (+1 Year) Dry Cat Food, Mackerel Flavour, 1.2kg Pack &amp; Whiskas Adult (+1 Year) Dry Cat Food, Ocean Fish Flavour, 1.2kg Pack",whiskas,773.0,2.2,4.6,56.0,"['Dry', 'Adult', 'Fish', 'Ocean', 'Mackerel']",35.13636363636363,19676.36,1.0,0.0,1.0,1.0,1.0,0.0,0.0,1.0,0.0,0.0,0.0,0.0,0.0,0.0,0.0,0.0,0.0,0.0
157,Lara Adult Turkey Chicken 2 Kg,lara,1170.0,2.0,5.0,3.0,"['Adult', 'Chicken']",58.5,1755.0,1.0,1.0,0.0,0.0,0.0,0.0,0.0,0.0,0.0,0.0,0.0,0.0,0.0,0.0,0.0,1.0,0.0,0.0
158,"Whiskas Adult (+1 Year) Dry Cat Food, Mackerel Flavour, 7kg Pack and Adult (+1 Year) Dry Cat Food, Tuna Flavour, 7kg Pack",whiskas,4012.0,8.0,5.0,4.0,"['Dry', 'Adult', 'Tuna', 'Mackerel']",50.15,2006.0,1.0,0.0,1.0,1.0,0.0,1.0,0.0,1.0,0.0,0.0,0.0,0.0,0.0,0.0,0.0,0.0,0.0,0.0
159,"Whiskas Adult (+1 Year) Wet Cat Food, Ocean Fish in Gravy, 12 Pouches (12 x 85g)",whiskas,,1.02,4.5,10.0,"['Adult', 'Fish', 'Ocean', 'Wet', 'Gravy']",,,1.0,0.0,0.5,1.0,1.0,0.0,0.0,0.0,0.0,0.0,0.0,1.0,1.0,0.0,0.0,0.0,0.0,0.0
160,Applaws Cat Wet Food 70g Tuna Fillet with Pacific Prawns in Broth (Pack of 12),applaws,1800.0,0.8400000000000001,4.8,22.0,"['Tuna', 'Wet']",214.28571428571428,47142.86,0.0,0.0,0.5,1.0,0.0,1.0,0.0,0.0,0.0,0.0,0.0,0.0,0.0,0.0,0.0,0.0,0.0,0.0
161,OEM SYSTEMS ME-O Cat food SEAFOOD 1.2 KGS,oem,,1.2,3.8,13.0,[],,,0.0,0.0,0.0,0.0,0.0,0.0,0.0,0.0,0.0,0.0,0.0,0.0,0.0,0.0,0.0,0.0,0.0,0.0
162,Applaws Cat Wet Food 70g Tuna Fillet with Pacific Prawns in Broth (Pack of 12),applaws,1800.0,0.8400000000000001,4.8,22.0,"['Tuna', 'Wet']",214.28571428571428,47142.86,0.0,0.0,0.5,1.0,0.0,1.0,0.0,0.0,0.0,0.0,0.0,0.0,0.0,0.0,0.0,0.0,0.0,0.0
163,OEM SYSTEMS ME-O Cat food SEAFOOD 1.2 KGS,oem,,1.2,3.8,13.0,[],,,0.0,0.0,0.0,0.0,0.0,0.0,0.0,0.0,0.0,0.0,0.0,0.0,0.0,0.0,0.0,0.0,0.0,0.0
164,"Whiskas Adult (+1 Year) Dry Cat Food, Mackerel Flavour, 7kg Pack and Adult (+1 Year) Dry Cat Food, Tuna Flavour, 7kg Pack",whiskas,4012.0,8.0,5.0,4.0,"['Dry', 'Adult', 'Tuna', 'Mackerel']",50.15,2006.0,1.0,0.0,1.0,1.0,0.0,1.0,0.0,1.0,0.0,0.0,0.0,0.0,0.0,0.0,0.0,0.0,0.0,0.0
165,"ProDiet, Mackerel cat Food, 1.5 kg","prodiet,",490.0,1.5,5.0,1.0,['Mackerel'],32.666666666666664,326.67,0.0,0.0,0.0,1.0,0.0,0.0,0.0,1.0,0.0,0.0,0.0,0.0,0.0,0.0,0.0,0.0,0.0,0.0
166,ME-O Dry Kitten Food - Ocean Fish Flavor 6.8 KG,me-o,,6.8,4.3,263.0,"['Dry', 'Fish', 'Ocean', 'Kitten']",,,0.5,0.0,1.0,1.0,1.0,0.0,0.0,0.0,0.0,0.0,0.0,0.0,0.0,0.0,0.0,0.0,0.0,0.0
167,"Sheba Rich Premium Adult (+1 Year) Fine Wet Cat Food, Chicken with Tuna in Gravy - 70 g (Pack of 24) &amp; Cat Treat, Tempting Tuna Flavour - 85 g",sheba,1311.0,0.07,4.5,2.0,"['Adult', 'Tuna', 'Chicken', 'Wet', 'Gravy']",1872.8571428571427,37457.14,1.0,1.0,0.5,1.0,0.0,1.0,0.0,0.0,0.0,0.0,0.0,1.0,0.0,0.0,0.0,0.0,0.0,0.0
168,"Sheba Rich Premium Maguro &amp; Bream Wet Cat Food Fish Mix for Adult (12 Pouches, 12 x 35g)",sheba,,0.42,4.6,118.0,"['Adult', 'Fish', 'Wet']",,,1.0,0.0,0.5,1.0,1.0,0.0,0.0,0.0,0.0,0.0,0.0,0.0,1.0,0.0,0.0,0.0,0.0,0.0
169,Schesir 45% Tuna and Mango Fruit Dinner Canned Wet Cat Food - 75g Each - Pack of 4,schesir,454.0,0.3,5.0,1.0,"['Tuna', 'Wet', 'Schesir']",151.33333333333334,1513.33,0.0,0.0,0.5,1.0,0.0,1.0,0.0,0.0,0.0,0.0,1.0,0.0,0.0,0.0,0.0,0.0,0.0,0.0
170,Nurture Pro Longevity Grain Free Wet Cat Food - Coconut - Chicken &amp; Skip Jack Tuna White Meat - 80 g Each Pack of 3,nurture,368.0,0.24,3.6,22.0,"['Tuna', 'Chicken', 'Wet', 'Grain', 'Meat']",153.33333333333334,33733.33,0.0,1.0,0.5,1.0,0.0,1.0,0.0,0.0,0.0,0.0,0.0,0.0,0.0,0.0,0.0,0.0,0.0,1.0
171,"Whiskas Wet Food for Adult Cats (1+Years), Salmon in Gravy Flavour, 48 Pouches (48 x 85g) &amp; Cat Treat, Savoury Salmon Flavour - 85 g",whiskas,2055.0,4.08,,,"['Adult', 'Wet', 'Gravy', 'Salmon']",50.367647058823536,,1.0,0.0,0.5,1.0,0.0,0.0,1.0,0.0,0.0,0.0,0.0,1.0,1.0,0.0,0.0,0.0,0.0,0.0
172,Applaws Cat Wet Food 70g Tender Tuna with Salmon in a Tasty Jelly (Pack of 16),applaws,2400.0,1.12,5.0,3.0,"['Tuna', 'Wet', 'Salmon', 'Jelly']",214.28571428571428,6428.57,0.0,0.0,0.5,1.0,0.0,1.0,1.0,0.0,0.0,0.0,0.0,0.0,0.0,0.0,0.0,0.0,0.0,0.0
173,PureVita GrainFree Chicken Entree Dry Cat Food - 15lb Bag,purevita,,0.015,,,"['Dry', 'Chicken', 'Grain']",,,0.0,1.0,1.0,0.0,0.0,0.0,0.0,0.0,0.0,0.0,0.0,0.0,0.0,0.0,0.0,0.0,0.0,1.0
174,"ProDiet, Tuna cat Food, 1.5 kg","prodiet,",490.0,1.5,5.0,1.0,['Tuna'],32.666666666666664,326.67,0.0,0.0,0.0,1.0,0.0,1.0,0.0,0.0,0.0,0.0,0.0,0.0,0.0,0.0,0.0,0.0,0.0,0.0
175,"ProDiet, Gourmet Seafood cat Food, 1.5 kg","prodiet,",490.0,1.5,,,"['Sea', 'Seafood']",32.666666666666664,,0.0,0.0,0.0,0.0,0.0,0.0,0.0,0.0,0.0,0.0,0.0,0.0,0.0,0.0,0.0,0.0,0.0,0.0
176,"whiskas Adult Wet Cat Food, Chicken in Gravy, 12 Pouches (12 x 85g), Brown &amp; Whiskas Kitten (2-12 Months) Dry Cat Food , Mackerel Flavour, 450g Pack",whiskas,627.0,1.02,,,"['Dry', 'Adult', 'Chicken', 'Kitten', 'Wet', 'Gravy', 'Mackerel']",61.47058823529412,,1.0,1.0,1.0,1.0,0.0,0.0,0.0,1.0,0.0,0.0,0.0,1.0,1.0,0.0,0.0,0.0,0.0,0.0
177,"Whiskas Kitten (2-12 Months) Dry Cat Food, Ocean Fish Flavour with Milk, 3 Kg Pack &amp; Kitten (2-12 Months) Dry Cat Food, Mackerel Flavour, 1.1Kg Pack",whiskas,1241.0,3.0,4.3,7.0,"['Dry', 'Fish', 'Ocean', 'Kitten', 'Mackerel', 'Milk']",41.36666666666667,2895.67,0.5,0.0,1.0,1.0,1.0,0.0,0.0,1.0,0.0,1.0,0.0,0.0,0.0,0.0,0.0,0.0,0.0,0.0
178,"Royal Canin Mother &amp; Baby Dry Cat Food, 2000 g",royal,2050.0,2.0,4.5,1046.0,"['Dry', 'Canin']",102.5,1072150.0,0.0,0.0,1.0,0.0,0.0,0.0,0.0,0.0,0.0,0.0,1.0,0.0,0.0,0.0,0.0,0.0,0.0,0.0
179,"Halo Holistic Dry Cat Food for Kittens, Chicken and Chicken Liver Recipe, 6 LB Bag of Natural Kitten Food",halo,,0.006,,,"['Dry', 'Chicken', 'Kitten']",,,0.5,1.0,1.0,0.0,0.0,0.0,0.0,0.0,0.0,0.0,0.0,0.0,0.0,1.0,0.0,0.0,0.0,0.0
180,"Whiskas Pocket Cat Food - Ocean Fish, 480g Pouch",whiskas,240.0,0.48,4.8,5.0,"['Fish', 'Ocean']",50.0,2500.0,0.0,0.0,0.0,1.0,1.0,0.0,0.0,0.0,0.0,0.0,0.0,0.0,1.0,0.0,0.0,0.0,0.0,0.0
181,"FARMINA N&amp;D Quinoa Skin and Coat Dry Cat Food, Adult, Grain-Free, 1.5-kg, Quail Coconut and Turmeric",farmina,2250.0,1.5,4.2,55.0,"['Dry', 'Adult', 'Grain', 'Grain-Free']",150.0,82500.0,1.0,0.0,1.0,0.0,0.0,0.0,0.0,0.0,0.0,0.0,0.0,0.0,0.0,0.0,0.0,0.0,0.0,1.0
182,"Whiskas Wet Cat Food for Adult Cats (1+Years), Tuna in Jelly Flavour, 48 Pouches (48 x 85g) &amp; Cat Treat, Tempting Tuna Flavour - 85 g",whiskas,2055.0,4.08,5.0,1.0,"['Adult', 'Tuna', 'Wet', 'Jelly']",50.367647058823536,503.68,1.0,0.0,0.5,1.0,0.0,1.0,0.0,0.0,0.0,0.0,0.0,0.0,1.0,0.0,0.0,0.0,0.0,0.0
183,"Whiskas Wet Cat Food, Tuna in Jelly, 85 g [Pack of 6]",whiskas,240.0,0.51,,,"['Tuna', 'Wet', 'Jelly']",47.05882352941177,,0.0,0.0,0.5,1.0,0.0,1.0,0.0,0.0,0.0,0.0,0.0,0.0,0.0,0.0,0.0,0.0,0.0,0.0
184,"Generic Let's Bite Active Kitten Dry Cat Food, Ocean Fish - 400g (Pack of 1)",generic,,0.4,,,"['Dry', 'Fish', 'Ocean', 'Kitten']",,,0.5,0.0,1.0,1.0,1.0,0.0,0.0,0.0,0.0,0.0,0.0,0.0,0.0,0.0,0.0,0.0,0.0,0.0
185,"Generic Let's Bite Active Kitten Dry Cat Food, Ocean Fish - 400g (Pack of 4)",generic,800.0,1.6,,,"['Dry', 'Fish', 'Ocean', 'Kitten']",50.0,,0.5,0.0,1.0,1.0,1.0,0.0,0.0,0.0,0.0,0.0,0.0,0.0,0.0,0.0,0.0,0.0,0.0,0.0
186,"Whiskas Adult (+1 Year) Dry Cat Food, Ocean Fish Flavour, 480g Pack &amp; Adult (+1 Year) Dry Cat Food, Mackerel Flavour, 480g Pack",whiskas,435.0,0.481,4.6,132.0,"['Dry', 'Adult', 'Fish', 'Ocean', 'Mackerel']",90.43659043659045,119376.3,1.0,0.0,1.0,1.0,1.0,0.0,0.0,1.0,0.0,0.0,0.0,0.0,0.0,0.0,0.0,0.0,0.0,0.0
187,Me-O Seafood Adult cat food 1.3 Kg,me-o,374.0,1.3,,,"['Adult', 'Sea', 'Seafood']",28.76923076923077,,1.0,0.0,0.0,0.0,0.0,0.0,0.0,0.0,0.0,0.0,0.0,0.0,0.0,0.0,0.0,0.0,0.0,0.0
188,"Whiskas Kitten (2-12 Months) Dry Cat Food, Ocean Fish with Milk, 3kg Pack &amp; Adult (+1 Year) Dry Cat Food, Tuna Flavour, 7kg Pack",whiskas,2850.0,4.0,4.5,16.0,"['Dry', 'Adult', 'Fish', 'Tuna', 'Ocean', 'Kitten', 'Milk']",71.25,11400.0,1.0,0.0,1.0,1.0,1.0,1.0,0.0,0.0,0.0,1.0,0.0,0.0,0.0,0.0,0.0,0.0,0.0,0.0
189,"Whiskas Adult (+1 Year) Dry Cat Food, Tuna Flavour, 1.2kg Pack &amp; Adult (+1 Year) Dry Cat Food, Chicken Flavour, 1.2kg Pack &amp; Adult (+1 Year) Dry Cat Food, Mackerel Flavour, 1.2kg Pack",whiskas,1178.0,2.2,4.4,38.0,"['Dry', 'Adult', 'Tuna', 'Chicken', 'Mackerel']",53.54545454545455,20347.27,1.0,1.0,1.0,1.0,0.0,1.0,0.0,1.0,0.0,0.0,0.0,0.0,0.0,0.0,0.0,0.0,0.0,0.0
190,Pet King Proteinous and Balanced Nutrition Food for Adult Cat Kitten 1KG + Free 200 Inside,pet,428.0,1.0,,,"['Adult', 'Kitten']",42.8,,1.0,0.0,0.0,0.0,0.0,0.0,0.0,0.0,0.0,0.0,0.0,0.0,0.0,0.0,0.0,0.0,0.0,0.0
191,Calibra Veterinary Diet Dry Cat Food Gastrointestinal &amp; Pancreas 2kg,calibra,1750.0,2.0,,,['Dry'],87.5,,0.0,0.0,1.0,0.0,0.0,0.0,0.0,0.0,0.0,0.0,0.0,0.0,0.0,0.0,0.0,0.0,0.0,0.0
192,"Drools Cat Real Chicken Sausage - 10 Pieces, 550g",drools,300.0,0.55,,,['Chicken'],54.54545454545455,,0.0,1.0,0.0,0.0,0.0,0.0,0.0,0.0,0.0,0.0,0.0,0.0,0.0,0.0,0.0,0.0,0.0,0.0
193,Schesir Canned 51% Tuna Wet Cat Food - 85 g (Pack of 2),schesir,268.0,0.17,4.9,16.0,"['Tuna', 'Wet', 'Schesir']",157.6470588235294,25223.53,0.0,0.0,0.5,1.0,0.0,1.0,0.0,0.0,0.0,0.0,1.0,0.0,0.0,0.0,0.0,0.0,0.0,0.0
194,Schesir Tuna Jelly Adult Cat Wet Food Pouch - 85 g (Pack of 3),schesir,396.0,0.255,,,"['Adult', 'Tuna', 'Wet', 'Schesir', 'Jelly']",155.29411764705884,,1.0,0.0,0.5,1.0,0.0,1.0,0.0,0.0,0.0,0.0,0.0,0.0,1.0,0.0,0.0,0.0,0.0,0.0
195,Pet King Food Proteinous and Balanced Nutrition for Cat Kitten 1KG + Free 200 Inside,pet,480.0,1.0,,,['Kitten'],48.0,,0.5,0.0,0.0,0.0,0.0,0.0,0.0,0.0,0.0,0.0,0.0,0.0,0.0,0.0,0.0,0.0,0.0,0.0
196,"Matisse Farmina Salmon and Tuna, 400 g",matisse,340.0,0.4,4.2,45.0,"['Tuna', 'Salmon', 'Matisse']",85.0,38250.0,0.0,0.0,0.0,1.0,0.0,1.0,1.0,0.0,0.0,0.0,0.0,0.0,0.0,0.0,0.0,0.0,0.0,0.0
197,"Whiskas Adult (+1 Year) Dry Cat Food Food, Ocean Fish Flavour, 3kg Pack &amp; Cat Treat, Seafood Medley Flavour - 85 g",whiskas,1053.0,3.0,4.4,18.0,"['Dry', 'Adult', 'Fish', 'Ocean', 'Sea', 'Seafood']",35.1,6318.0,1.0,0.0,1.0,1.0,1.0,0.0,0.0,0.0,0.0,0.0,0.0,0.0,0.0,0.0,0.0,0.0,0.0,0.0
198,"Drools Adult(+1 Year) Dry Cat Food, Ocean Fish, 3 kg with Free 1.2 kg",drools,799.0,3.0,2.8,6.0,"['Dry', 'Adult', 'Fish', 'Ocean']",26.633333333333333,1598.0,1.0,0.0,1.0,1.0,1.0,0.0,0.0,0.0,0.0,0.0,0.0,0.0,0.0,0.0,0.0,0.0,0.0,0.0
199,"Meat Up Kitten(1-12 Months) Dry Cat Food, Ocean Fish, 1.2kg (Buy 1 GET 1 Free) &amp; Adult(+1 Year) Dry Cat Food, Ocean Fish, 7kg ( Buy 1 GET 1 Free)",meat,2449.0,4.0,4.7,4.0,"['Dry', 'Adult', 'Fish', 'Ocean', 'Kitten', 'Meat']",61.225,2449.0,1.0,0.0,1.0,1.0,1.0,0.0,0.0,0.0,0.0,0.0,0.0,0.0,0.0,0.0,0.0,0.0,0.0,0.0
200,"Me-O Cat Food, Mackerel, 7 kg",me-o,,7.0,4.3,179.0,['Mackerel'],,,0.0,0.0,0.0,1.0,0.0,0.0,0.0,1.0,0.0,0.0,0.0,0.0,0.0,0.0,0.0,0.0,0.0,0.0
201,"Whiskas Adult (+1 Year) Dry Cat Food Food, Ocean Fish Flavour, 7kg Pack &amp; Cat Treat, Seafood Medley Flavour - 85 g",whiskas,2033.0,7.0,5.0,4.0,"['Dry', 'Adult', 'Fish', 'Ocean', 'Sea', 'Seafood']",29.042857142857144,1161.71,1.0,0.0,1.0,1.0,1.0,0.0,0.0,0.0,0.0,0.0,0.0,0.0,0.0,0.0,0.0,0.0,0.0,0.0
202,"FARMINA N&amp;D Prime - Chicken &amp; Pomegranate- Grain Free - Cat Dry Food - Kitten (Pack of 2, Each 300Gms)",farmina,1500.0,0.3,3.9,13.0,"['Dry', 'Chicken', 'Kitten', 'Grain']",500.0,65000.0,0.5,1.0,1.0,0.0,0.0,0.0,0.0,0.0,0.0,0.0,0.0,0.0,0.0,0.0,0.0,0.0,0.0,1.0
203,Schesir 51% Tuna and Rice in Jelly Canned Wet Cat Food - 140g Each - Pack of 4,schesir,700.0,0.56,3.5,6.0,"['Tuna', 'Wet', 'Schesir', 'Jelly']",124.99999999999999,7500.0,0.0,0.0,0.5,1.0,0.0,1.0,0.0,0.0,0.0,0.0,1.0,0.0,0.0,0.0,0.0,0.0,0.0,1.0
204,"Royal Canin Persian Kitten Dry Cat Food, Chicken, 2 Kg &amp; Royal Canin Intense Beauty Cat Food, 85 g (12 Pack)",royal,3247.0,2.0,,,"['Dry', 'Chicken', 'Kitten', 'Persian', 'Canin']",162.35,,0.5,1.0,1.0,0.0,0.0,0.0,0.0,0.0,0.0,0.0,1.0,0.0,0.0,0.0,0.0,0.0,0.0,0.0
205,"Fins Fur and Feathers Me-O Kitten and Cat Food (Adult Mackerel, 1.2Kg)",fins,,1.2,,,"['Adult', 'Kitten', 'Mackerel']",,,1.0,0.0,0.0,1.0,0.0,0.0,0.0,1.0,0.0,0.0,0.0,0.0,0.0,0.0,0.0,0.0,0.0,0.0
206,"Wag &amp; Love Dry Cat Food for Kitten and Adult Cats with Salmon , Turkey &amp; Chicken Recipe (10 Kg)",wag,,10.0,,,"['Dry', 'Adult', 'Chicken', 'Kitten', 'Salmon']",,,1.0,1.0,1.0,1.0,0.0,0.0,1.0,0.0,0.0,0.0,0.0,0.0,0.0,0.0,0.0,1.0,0.0,0.0
207,OEM SYSTEMS Meo Sea Food 3 Kg,oem,,3.0,4.3,477.0,['Sea'],,,0.0,0.0,0.0,0.0,0.0,0.0,0.0,0.0,0.0,0.0,0.0,0.0,0.0,0.0,0.0,0.0,0.0,0.0
208,"Whiskas Adult (1+ Year) Dry Cat Food, Mackerel, 7Kg Pack &amp; Adult (+1 Year) Dry Cat Food, Tuna Flavour, 7kg Pack &amp; Adult (+1 Year) Dry Cat Food, Ocean Fish Flavour, 7kg Pack",whiskas,5912.0,8.0,4.6,3.0,"['Dry', 'Adult', 'Fish', 'Tuna', 'Ocean', 'Mackerel']",73.9,2217.0,1.0,0.0,1.0,1.0,1.0,1.0,0.0,1.0,0.0,0.0,0.0,0.0,0.0,0.0,0.0,0.0,0.0,0.0
209,"Wiggles Cat Food Dry Adult &amp; Liver Tonic for Cats, 1kg &amp; 200ml - Chicken, Tuna Fish Extract - Multivitamin Appetizer Pet Syrup (Pack of 2)",wiggles,419.0,2.0,,,"['Dry', 'Adult', 'Fish', 'Tuna', 'Chicken']",20.95,,1.0,1.0,1.0,1.0,1.0,1.0,0.0,0.0,0.0,0.0,0.0,0.0,0.0,1.0,0.0,0.0,0.0,0.0
210,Wysong Uretic Feline Formula Dry Diet Cat Food - 5 Pound Bag,wysong,,0.005,,,['Dry'],,,0.0,0.0,1.0,0.0,0.0,0.0,0.0,0.0,0.0,0.0,0.0,0.0,0.0,0.0,0.0,0.0,0.0,0.0
211,Wysong Geriatrx Senior Feline Formula Dry Cat Food - 5 Pound Bag,wysong,5334.0,0.005,,,['Dry'],106680.0,,0.0,0.0,1.0,0.0,0.0,0.0,0.0,0.0,0.0,0.0,0.0,0.0,0.0,0.0,0.0,0.0,0.0,0.0
212,"Purepet Wet Cat Food, Real Tuna and Chicken Liver in Gravy, 24 Pouches (24 x 70g) &amp; Purepet Chicken and Milk Adult Dry Food, 1.1 kg (Buy 1 Get 1 Free)",purepet,747.0,3.36,,,"['Dry', 'Adult', 'Tuna', 'Chicken', 'Wet', 'Gravy', 'Milk']",22.232142857142858,,1.0,1.0,1.0,1.0,0.0,1.0,0.0,0.0,0.0,1.0,0.0,1.0,1.0,1.0,0.0,0.0,0.0,0.0
213,Fekrix Adult Cat Food Tuna Flavor 7 kg,fekrix,,7.0,,,"['Adult', 'Tuna']",,,1.0,0.0,0.0,1.0,0.0,1.0,0.0,0.0,0.0,0.0,0.0,0.0,0.0,0.0,0.0,0.0,0.0,0.0
214,"Heads Up For Tails Whiskas Mackerel Flavour Adult Dry Cat Food, 1.2 kg Pack (+1 Year)",heads,,2.2,3.8,6.0,"['Dry', 'Adult', 'Mackerel']",,,1.0,0.0,1.0,1.0,0.0,0.0,0.0,1.0,0.0,0.0,0.0,0.0,0.0,0.0,0.0,0.0,0.0,0.0
215,"Whiskas Adult (+1 Year) Dry Cat Food Food, Mackerel Flavour, 3kg Pack &amp; Cat Treat, Savoury Salmon Flavour - 85 g",whiskas,978.0,3.0,,,"['Dry', 'Adult', 'Salmon', 'Mackerel']",32.6,,1.0,0.0,1.0,1.0,0.0,0.0,1.0,1.0,0.0,0.0,0.0,0.0,0.0,0.0,0.0,0.0,0.0,0.0
216,"Meat Up Adult Dry Cat Food, Ocean Fish - 1.2kg (Buy 1 Get 1 Free) &amp; Meat Up Mutton Flavour, Real Chicken Biscuit, 500g (Buy 1 Get 1 Free)",meat,658.0,2.4,,,"['Dry', 'Adult', 'Fish', 'Chicken', 'Ocean', 'Meat']",27.416666666666668,,1.0,1.0,1.0,1.0,1.0,0.0,0.0,0.0,0.0,0.0,0.0,0.0,0.0,0.0,0.0,0.0,0.0,0.0
217,"Meat Up Kitten (1-12 Months) Dry Cat Food, Ocean Fish, 600g (Buy 1 Get 1 Free) &amp; Clumping Lavender Fragrance Cat Litter (Buy 1 Get 1 Free), 5kg",meat,1348.0,10.0,3.0,1.0,"['Dry', 'Fish', 'Ocean', 'Kitten', 'Meat']",13.48,134.8,0.5,0.0,1.0,1.0,1.0,0.0,0.0,0.0,0.0,0.0,0.0,0.0,0.0,0.0,0.0,0.0,0.0,0.0
218,"Whiskas Kitten (2-12 months) Wet Cat Food, Tuna in Jelly, 6 Pouches (6 x 85g)",whiskas,,0.51,4.5,576.0,"['Tuna', 'Kitten', 'Wet', 'Jelly']",,,0.5,0.0,0.5,1.0,0.0,1.0,0.0,0.0,0.0,0.0,0.0,0.0,1.0,0.0,0.0,0.0,0.0,0.0
219,Matisse Premium Salmon &amp; Tuna Dry Cat Food - 1.5 Kg Each - Pack of 2,matisse,1999.0,3.0,4.1,9.0,"['Dry', 'Tuna', 'Salmon', 'Matisse']",66.63333333333334,5997.0,0.0,0.0,1.0,1.0,0.0,1.0,1.0,0.0,0.0,0.0,0.0,0.0,0.0,0.0,0.0,0.0,0.0,0.0
220,"Royal Canin Persian Adult Cat Food, 2 kg (Pack of 2)",royal,3950.0,4.0,4.6,3.0,"['Adult', 'Persian', 'Canin']",98.75,2962.5,1.0,0.0,0.0,0.0,0.0,0.0,0.0,0.0,0.0,0.0,1.0,0.0,0.0,0.0,0.0,0.0,0.0,0.0
221,"ProDiet, Gourmet Seafood cat Food, 500 Grams","prodiet,",200.0,0.5,4.0,4.0,"['Sea', 'Seafood']",40.0,1600.0,0.0,0.0,0.0,0.0,0.0,0.0,0.0,0.0,0.0,0.0,0.0,0.0,0.0,0.0,0.0,0.0,0.0,0.0
222,"CHOUDHARY PET Shop Kitten (1-12 Months) Dry Cat Food, Ocean Fish, 600g (Buy 1 Get 1 Free)",choudhary,,1.2,,,"['Dry', 'Fish', 'Ocean', 'Kitten']",,,0.5,0.0,1.0,1.0,1.0,0.0,0.0,0.0,0.0,0.0,0.0,0.0,0.0,0.0,0.0,0.0,0.0,0.0
223,"Whiskas Kitten (2-12 Months) Dry Cat Food, Mackerel Flavour, 450G Pack &amp; Kitten (2-12 Months) Dry Cat Food, Mackerel Flavour, 1.1Kg Pack",whiskas,592.0,1.1,4.3,5.0,"['Dry', 'Kitten', 'Mackerel']",53.81818181818182,2690.91,0.5,0.0,1.0,1.0,0.0,0.0,0.0,1.0,0.0,0.0,0.0,0.0,0.0,0.0,0.0,0.0,0.0,0.0
224,Sk Enterprises Adult cat Food(1.2kg),sk,259.0,1.2,,,['Adult'],21.583333333333332,,1.0,0.0,0.0,0.0,0.0,0.0,0.0,0.0,0.0,0.0,0.0,0.0,0.0,0.0,0.0,0.0,0.0,0.0
225,"Wag &amp; Love Dry Cat Food for Kitten and Adult Cats with Salmon , Turkey &amp; Chicken Recipe (1.6 Kg)",wag,1190.0,1.6,3.6,6.0,"['Dry', 'Adult', 'Chicken', 'Kitten', 'Salmon']",74.375,4462.5,1.0,1.0,1.0,1.0,0.0,0.0,1.0,0.0,0.0,0.0,0.0,0.0,0.0,0.0,0.0,1.0,0.0,0.0
226,"CHOUDHARY PET SHOPOcean Fish Adult Dry Cat Food, 1.2kg",choudhary,,1.2,,,"['Dry', 'Adult', 'Fish', 'Ocean']",,,1.0,0.0,1.0,1.0,1.0,0.0,0.0,0.0,0.0,0.0,0.0,0.0,0.0,0.0,0.0,0.0,0.0,0.0
227,"DynamicSales (India) Calibra Urinary Feline Struvite Dry Cat Food, 2kg",dynamicsales,1900.0,2.0,4.0,20.0,['Dry'],95.0,19000.0,0.0,0.0,1.0,0.0,0.0,0.0,0.0,0.0,0.0,0.0,0.0,0.0,0.0,0.0,0.0,0.0,0.0,0.0
